{
  "project_info": {
    "project_number": "600716512269",
    "firebase_url": "https://scholarly-login-default-rtdb.europe-west1.firebasedatabase.app",
    "project_id": "scholarly-login",
    "storage_bucket": "scholarly-login.appspot.com"
  },
  "client": [
    {
      "client_info": {
        "mobilesdk_app_id": "1:600716512269:android:a330e21528ed84ff049944",
        "android_client_info": {
          "package_name": "com.example.myapplication"
        }
      },
      "oauth_client": [
        {
          "client_id": "600716512269-mekaot92htp6b8selmso7ff5tm8d2hdc.apps.googleusercontent.com",
          "client_type": 3
        }
      ],
      "api_key": [
        {
          "current_key": "AIzaSyCcUxS2uVVa2FAdy1tN8fD8fZsFRobuomA"
        }
      ],
      "services": {
        "appinvite_service": {
          "other_platform_oauth_client": [
            {
              "client_id": "600716512269-mekaot92htp6b8selmso7ff5tm8d2hdc.apps.googleusercontent.com",
              "client_type": 3
            }
          ]
        }
      }
    },
    {
      "client_info": {
        "mobilesdk_app_id": "1:600716512269:android:d431202e2a8e18ae049944",
        "android_client_info": {
          "package_name": "ie.ul.expensetracker2"
        }
      },
      "oauth_client": [
        {
          "client_id": "600716512269-mekaot92htp6b8selmso7ff5tm8d2hdc.apps.googleusercontent.com",
          "client_type": 3
        }
      ],
      "api_key": [
        {
          "current_key": "AIzaSyCcUxS2uVVa2FAdy1tN8fD8fZsFRobuomA"
        }
      ],
      "services": {
        "appinvite_service": {
          "other_platform_oauth_client": [
            {
              "client_id": "600716512269-mekaot92htp6b8selmso7ff5tm8d2hdc.apps.googleusercontent.com",
              "client_type": 3
            }
          ]
        }
      }
    }
  ],
  "configuration_version": "1"
}